"hours_studied","predicted_exam_score"
2,26.8866576442963
5,31.7889873326817
8,36.6913170210671
